{"stat.beaconInteraction":1,"stat.useItem.minecraft.command_block":2,"stat.walkOneCm":185117,"stat.useItem.minecraft.stone":100,"stat.leaveGame":16,"stat.useItem.minecraft.beacon":1,"stat.useItem.minecraft.emerald_block":1,"stat.useItem.minecraft.repeating_command_block":1,"stat.useItem.minecraft.heavy_weighted_pressure_plate":1,"stat.pickup.minecraft.string":2,"stat.useItem.minecraft.bedrock":3,"stat.jump":190,"stat.useItem.minecraft.redstone_block":1,"stat.drop.minecraft.stone":1,"stat.useItem.minecraft.sea_lantern":41,"stat.useItem.minecraft.milk_bucket":4,"stat.crouchOneCm":11916,"stat.useItem.minecraft.stained_hardened_clay":188,"stat.useItem.minecraft.obsidian":116,"stat.useItem.minecraft.dirt":8,"stat.useItem.minecraft.diamond_block":4,"stat.sprintOneCm":11676,"stat.useItem.minecraft.mob_spawner":36,"achievement.exploreAllBiomes":{"value":0,"progress":["Plains"]},"achievement.openInventory":103,"stat.useItem.minecraft.barrier":291,"stat.useItem.minecraft.iron_block":541,"stat.damageTaken":720,"stat.useItem.minecraft.diamond_pickaxe":23,"stat.pickup.minecraft.cobblestone":23,"stat.flyOneCm":289111,"stat.deaths":26,"stat.drop":1,"stat.playOneMinute":81302,"stat.useItem.minecraft.diamond_ore":6,"stat.sneakTime":5107,"stat.damageDealt":10,"stat.timeSinceDeath":6,"stat.useItem.minecraft.spawn_egg":28,"stat.mineBlock.minecraft.stone":23}