{"stat.walkOneCm":87648,"stat.useItem.minecraft.stone":2,"stat.leaveGame":10,"stat.useItem.minecraft.emerald_block":1,"stat.useItem.minecraft.bedrock":10,"stat.jump":194,"stat.useItem.minecraft.redstone_block":1,"stat.drop.minecraft.stone":1,"stat.useItem.minecraft.sea_lantern":1,"stat.crouchOneCm":5478,"stat.useItem.minecraft.stained_hardened_clay":460,"stat.useItem.minecraft.diamond_block":23,"stat.sprintOneCm":5019,"achievement.exploreAllBiomes":{"value":0,"progress":["Plains"]},"achievement.openInventory":31,"stat.useItem.minecraft.barrier":40,"stat.useItem.minecraft.iron_block":440,"stat.damageTaken":720,"stat.flyOneCm":325469,"stat.deaths":13,"stat.drop":1,"stat.playOneMinute":46111,"stat.sneakTime":3110,"stat.timeSinceDeath":57}