{"stat.beaconInteraction":1,"stat.useItem.minecraft.command_block":2,"stat.walkOneCm":219500,"stat.useItem.minecraft.stone":100,"stat.leaveGame":17,"stat.useItem.minecraft.beacon":1,"stat.useItem.minecraft.emerald_block":150,"stat.useItem.minecraft.repeating_command_block":1,"stat.useItem.minecraft.heavy_weighted_pressure_plate":1,"stat.useItem.minecraft.bedrock":5,"stat.jump":240,"stat.useItem.minecraft.redstone_block":62,"stat.drop.minecraft.stone":1,"stat.useItem.minecraft.sea_lantern":41,"stat.useItem.minecraft.milk_bucket":4,"stat.crouchOneCm":12178,"stat.useItem.minecraft.stained_hardened_clay":310,"stat.useItem.minecraft.obsidian":382,"stat.useItem.minecraft.dirt":8,"stat.useItem.minecraft.diamond_block":183,"stat.sprintOneCm":4752,"achievement.exploreAllBiomes":{"value":0,"progress":["Plains"]},"achievement.openInventory":110,"stat.useItem.minecraft.barrier":264,"stat.useItem.minecraft.iron_block":657,"stat.damageTaken":720,"stat.useItem.minecraft.diamond_pickaxe":23,"stat.pickup.minecraft.cobblestone":23,"stat.flyOneCm":418853,"stat.deaths":23,"stat.drop":1,"stat.playOneMinute":102168,"stat.useItem.minecraft.diamond_ore":6,"stat.sneakTime":6346,"stat.timeSinceDeath":67,"stat.mineBlock.minecraft.stone":23}