{"stat.beaconInteraction":1,"stat.useItem.minecraft.command_block":2,"stat.walkOneCm":177039,"stat.useItem.minecraft.stone":101,"stat.leaveGame":15,"stat.useItem.minecraft.beacon":1,"stat.useItem.minecraft.emerald_block":1,"stat.useItem.minecraft.repeating_command_block":1,"stat.useItem.minecraft.heavy_weighted_pressure_plate":1,"stat.useItem.minecraft.bedrock":6,"stat.jump":161,"stat.useItem.minecraft.redstone_block":1,"stat.drop.minecraft.stone":1,"stat.useItem.minecraft.sea_lantern":41,"stat.useItem.minecraft.milk_bucket":4,"stat.crouchOneCm":10660,"stat.useItem.minecraft.stained_hardened_clay":218,"stat.useItem.minecraft.obsidian":130,"stat.useItem.minecraft.dirt":21,"stat.useItem.minecraft.diamond_block":8,"stat.sprintOneCm":1700,"achievement.exploreAllBiomes":{"value":0,"progress":["Plains"]},"stat.pickup.minecraft.barrier":1,"stat.drop.minecraft.barrier":1,"achievement.openInventory":104,"stat.useItem.minecraft.barrier":264,"stat.useItem.minecraft.iron_block":675,"stat.damageTaken":720,"stat.useItem.minecraft.diamond_pickaxe":23,"stat.pickup.minecraft.cobblestone":23,"stat.flyOneCm":290376,"stat.deaths":23,"stat.drop":2,"stat.playOneMinute":78329,"stat.useItem.minecraft.diamond_ore":6,"stat.sneakTime":4460,"stat.timeSinceDeath":98,"stat.mineBlock.minecraft.stone":23}