{"stat.beaconInteraction":1,"stat.useItem.minecraft.command_block":2,"stat.walkOneCm":207473,"stat.useItem.minecraft.stone":100,"stat.leaveGame":16,"stat.useItem.minecraft.beacon":1,"stat.useItem.minecraft.emerald_block":150,"stat.useItem.minecraft.repeating_command_block":1,"stat.useItem.minecraft.heavy_weighted_pressure_plate":1,"stat.useItem.minecraft.bedrock":5,"stat.jump":230,"stat.useItem.minecraft.redstone_block":62,"stat.drop.minecraft.stone":1,"stat.useItem.minecraft.sea_lantern":41,"stat.useItem.minecraft.milk_bucket":4,"stat.crouchOneCm":12048,"stat.useItem.minecraft.stained_hardened_clay":310,"stat.useItem.minecraft.obsidian":381,"stat.useItem.minecraft.dirt":8,"stat.useItem.minecraft.diamond_block":183,"stat.sprintOneCm":4535,"achievement.exploreAllBiomes":{"value":0,"progress":["Plains"]},"achievement.openInventory":109,"stat.useItem.minecraft.barrier":264,"stat.useItem.minecraft.iron_block":656,"stat.damageTaken":720,"stat.useItem.minecraft.diamond_pickaxe":23,"stat.pickup.minecraft.cobblestone":23,"stat.flyOneCm":406973,"stat.deaths":22,"stat.drop":1,"stat.playOneMinute":100390,"stat.useItem.minecraft.diamond_ore":6,"stat.sneakTime":6204,"stat.timeSinceDeath":116,"stat.mineBlock.minecraft.stone":23}