{"stat.useItem.minecraft.command_block":3,"stat.walkOneCm":93390,"stat.useItem.minecraft.stone":7,"stat.leaveGame":16,"stat.useItem.minecraft.emerald_block":1,"stat.useItem.minecraft.repeating_command_block":1,"stat.useItem.minecraft.bedrock":10,"stat.jump":204,"stat.useItem.minecraft.redstone_block":3,"stat.fallOneCm":16308,"stat.drop.minecraft.stone":3,"stat.useItem.minecraft.sea_lantern":1,"stat.pickup.minecraft.stone":1,"stat.crouchOneCm":6876,"stat.useItem.minecraft.stained_hardened_clay":460,"stat.useItem.minecraft.diamond_block":23,"stat.sprintOneCm":5598,"achievement.exploreAllBiomes":{"value":0,"progress":["Plains"]},"stat.useItem.minecraft.bed":1,"achievement.openInventory":53,"stat.useItem.minecraft.barrier":40,"stat.useItem.minecraft.iron_block":440,"stat.damageTaken":1070,"stat.flyOneCm":441500,"stat.deaths":25,"stat.drop":3,"stat.playOneMinute":65010,"stat.sneakTime":3839,"stat.sleepInBed":1,"stat.timeSinceDeath":186}