{"stat.useItem.minecraft.command_block":3,"stat.walkOneCm":88930,"stat.useItem.minecraft.stone":2,"stat.leaveGame":13,"stat.useItem.minecraft.emerald_block":1,"stat.useItem.minecraft.bedrock":10,"stat.jump":199,"stat.useItem.minecraft.redstone_block":2,"stat.drop.minecraft.stone":1,"stat.useItem.minecraft.sea_lantern":1,"stat.crouchOneCm":5834,"stat.useItem.minecraft.stained_hardened_clay":460,"stat.useItem.minecraft.diamond_block":23,"stat.sprintOneCm":5399,"achievement.exploreAllBiomes":{"value":0,"progress":["Plains"]},"stat.useItem.minecraft.bed":1,"achievement.openInventory":40,"stat.useItem.minecraft.barrier":40,"stat.useItem.minecraft.iron_block":440,"stat.damageTaken":1000,"stat.flyOneCm":380193,"stat.deaths":21,"stat.drop":1,"stat.playOneMinute":55367,"stat.sneakTime":3421,"stat.sleepInBed":1,"stat.timeSinceDeath":60}