{"stat.beaconInteraction":1,"stat.useItem.minecraft.command_block":2,"stat.walkOneCm":172853,"stat.useItem.minecraft.stone":100,"stat.leaveGame":15,"stat.useItem.minecraft.beacon":1,"stat.useItem.minecraft.emerald_block":1,"stat.useItem.minecraft.repeating_command_block":1,"stat.useItem.minecraft.heavy_weighted_pressure_plate":1,"stat.useItem.minecraft.bedrock":1,"stat.jump":152,"stat.useItem.minecraft.redstone_block":1,"stat.drop.minecraft.stone":1,"stat.useItem.minecraft.sea_lantern":41,"stat.useItem.minecraft.milk_bucket":4,"stat.crouchOneCm":10161,"stat.useItem.minecraft.stained_hardened_clay":113,"stat.useItem.minecraft.obsidian":116,"stat.useItem.minecraft.dirt":8,"stat.useItem.minecraft.diamond_block":4,"stat.sprintOneCm":1700,"achievement.exploreAllBiomes":{"value":0,"progress":["Plains"]},"achievement.openInventory":104,"stat.useItem.minecraft.barrier":274,"stat.useItem.minecraft.iron_block":403,"stat.damageTaken":720,"stat.useItem.minecraft.diamond_pickaxe":23,"stat.pickup.minecraft.cobblestone":23,"stat.flyOneCm":220501,"stat.deaths":24,"stat.drop":1,"stat.playOneMinute":70195,"stat.useItem.minecraft.diamond_ore":6,"stat.sneakTime":4236,"stat.timeSinceDeath":235,"stat.mineBlock.minecraft.stone":23}