{"stat.useItem.minecraft.command_block":3,"stat.walkOneCm":88976,"stat.useItem.minecraft.stone":6,"stat.leaveGame":14,"stat.useItem.minecraft.emerald_block":1,"stat.useItem.minecraft.bedrock":11,"stat.jump":202,"stat.useItem.minecraft.redstone_block":2,"stat.drop.minecraft.stone":1,"stat.useItem.minecraft.sea_lantern":1,"stat.crouchOneCm":5984,"stat.useItem.minecraft.stained_hardened_clay":460,"stat.useItem.minecraft.diamond_block":24,"stat.sprintOneCm":5399,"achievement.exploreAllBiomes":{"value":0,"progress":["Plains"]},"stat.useItem.minecraft.bed":1,"achievement.openInventory":45,"stat.useItem.minecraft.barrier":40,"stat.useItem.minecraft.iron_block":440,"stat.damageTaken":1000,"stat.flyOneCm":392745,"stat.deaths":23,"stat.drop":1,"stat.playOneMinute":57849,"stat.sneakTime":3549,"stat.sleepInBed":1,"stat.timeSinceDeath":232}